{
  "name": "jsTree-directive",
  "version": "0.1.5",
  "authors": [
    "Arvind Ravulavaru <arvind.ravulavaru@gmail.com>"
  ],
  "description": "An Angular Directive for jsTree",
  "keywords": [
    "Angular",
    "Directive",
    "jsTree"
  ],
  "main": "jsTree.directive.js",
  "license": "MIT",
  "homepage": "https://github.com/arvindr21/jsTree-directive",
  "ignore": [
    "**/.*",
    "node_modules",
    "bower_components",
    "test",
    "tests"
  ],
  "moduleType": [
    "node"
  ],
  "_release": "0.1.5",
  "_resolution": {
    "type": "version",
    "tag": "v0.1.5",
    "commit": "8165fc7a7e03bf40135bc59f13107aaef1694a38"
  },
  "_source": "https://github.com/arvindr21/jsTree-directive.git",
  "_target": "*",
  "_originalSource": "jstree-directive"
}